﻿<?xml version="1.0" encoding="utf-8"?>
<TextureAtlas imagePath="gfCar.png">
	<!-- Created with Adobe Animate version 20.0.3.25487 -->
	<!-- http://www.adobe.com/products/animate.html -->
	<SubTexture name="GF Dancing Beat Hair blowing CAR0000" x="0" y="0" width="622" height="597" pivotX="186.55" pivotY="258.65"/>
	<SubTexture name="GF Dancing Beat Hair blowing CAR0001" x="622" y="0" width="622" height="597"/>
	<SubTexture name="GF Dancing Beat Hair blowing CAR0002" x="1244" y="0" width="622" height="597"/>
	<SubTexture name="GF Dancing Beat Hair blowing CAR0003" x="1866" y="0" width="622" height="597"/>
	<SubTexture name="GF Dancing Beat Hair blowing CAR0004" x="2488" y="0" width="622" height="597"/>
	<SubTexture name="GF Dancing Beat Hair blowing CAR0005" x="3110" y="0" width="622" height="597"/>
	<SubTexture name="GF Dancing Beat Hair blowing CAR0006" x="3732" y="0" width="622" height="597"/>
	<SubTexture name="GF Dancing Beat Hair blowing CAR0007" x="4354" y="0" width="622" height="597"/>
	<SubTexture name="GF Dancing Beat Hair blowing CAR0008" x="4354" y="0" width="622" height="597"/>
	<SubTexture name="GF Dancing Beat Hair blowing CAR0009" x="4354" y="0" width="622" height="597"/>
	<SubTexture name="GF Dancing Beat Hair blowing CAR0010" x="4976" y="0" width="622" height="597"/>
	<SubTexture name="GF Dancing Beat Hair blowing CAR0011" x="4976" y="0" width="622" height="597"/>
	<SubTexture name="GF Dancing Beat Hair blowing CAR0012" x="4976" y="0" width="622" height="597"/>
	<SubTexture name="GF Dancing Beat Hair blowing CAR0013" x="5598" y="0" width="622" height="597"/>
	<SubTexture name="GF Dancing Beat Hair blowing CAR0014" x="5598" y="0" width="622" height="597"/>
	<SubTexture name="GF Dancing Beat Hair blowing CAR0015" x="6220" y="0" width="622" height="597"/>
	<SubTexture name="GF Dancing Beat Hair blowing CAR0016" x="6842" y="0" width="622" height="597"/>
	<SubTexture name="GF Dancing Beat Hair blowing CAR0017" x="7464" y="0" width="622" height="597"/>
	<SubTexture name="GF Dancing Beat Hair blowing CAR0018" x="0" y="597" width="622" height="597"/>
	<SubTexture name="GF Dancing Beat Hair blowing CAR0019" x="622" y="597" width="622" height="597"/>
	<SubTexture name="GF Dancing Beat Hair blowing CAR0020" x="1244" y="597" width="622" height="597"/>
	<SubTexture name="GF Dancing Beat Hair blowing CAR0021" x="1866" y="597" width="622" height="597"/>
	<SubTexture name="GF Dancing Beat Hair blowing CAR0022" x="2488" y="597" width="622" height="597"/>
	<SubTexture name="GF Dancing Beat Hair blowing CAR0023" x="2488" y="597" width="622" height="597"/>
	<SubTexture name="GF Dancing Beat Hair blowing CAR0024" x="2488" y="597" width="622" height="597"/>
	<SubTexture name="GF Dancing Beat Hair blowing CAR0025" x="3110" y="597" width="622" height="597"/>
	<SubTexture name="GF Dancing Beat Hair blowing CAR0026" x="3110" y="597" width="622" height="597"/>
	<SubTexture name="GF Dancing Beat Hair blowing CAR0027" x="3110" y="597" width="622" height="597"/>
	<SubTexture name="GF Dancing Beat Hair blowing CAR0028" x="3732" y="597" width="622" height="597"/>
	<SubTexture name="GF Dancing Beat Hair blowing CAR0029" x="3732" y="597" width="622" height="597"/>
</TextureAtlas>
